{
  "display": {
    "icon": {
      "item": "gray_banner"
    },
    "title": "A Banner Day",
    "description": "Collect all 16 banner colors"
  },
  "parent": "bentobox:collection/all_wools",
  "rewards": {
    "experience": 75
  },
  "criteria": {
    "white": {
      "trigger": "inventory_changed",
      "conditions": {
        "items": [
          {
            "items": [
              "white_banner"
            ]
          }
        ]
      }
    },
    "orange": {
      "trigger": "inventory_changed",
      "conditions": {
        "items": [
          {
            "items": [
              "orange_banner"
            ]
          }
        ]
      }
    },
    "magenta": {
      "trigger": "inventory_changed",
      "conditions": {
        "items": [
          {
            "items": [
              "magenta_banner"
            ]
          }
        ]
      }
    },
    "light_blue": {
      "trigger": "inventory_changed",
      "conditions": {
        "items": [
          {
            "items": [
              "light_blue_banner"
            ]
          }
        ]
      }
    },
    "yellow": {
      "trigger": "inventory_changed",
      "conditions": {
        "items": [
          {
            "items": [
              "yellow_banner"
            ]
          }
        ]
      }
    },
    "lime": {
      "trigger": "inventory_changed",
      "conditions": {
        "items": [
          {
            "items": [
              "lime_banner"
            ]
          }
        ]
      }
    },
    "pink": {
      "trigger": "inventory_changed",
      "conditions": {
        "items": [
          {
            "items": [
              "pink_banner"
            ]
          }
        ]
      }
    },
    "gray": {
      "trigger": "inventory_changed",
      "conditions": {
        "items": [
          {
            "items": [
              "gray_banner"
            ]
          }
        ]
      }
    },
    "light_gray": {
      "trigger": "inventory_changed",
      "conditions": {
        "items": [
          {
            "items": [
              "light_gray_banner"
            ]
          }
        ]
      }
    },
    "cyan": {
      "trigger": "inventory_changed",
      "conditions": {
        "items": [
          {
            "items": [
              "cyan_banner"
            ]
          }
        ]
      }
    },
    "purple": {
      "trigger": "inventory_changed",
      "conditions": {
        "items": [
          {
            "items": [
              "purple_banner"
            ]
          }
        ]
      }
    },
    "blue": {
      "trigger": "inventory_changed",
      "conditions": {
        "items": [
          {
            "items": [
              "blue_banner"
            ]
          }
        ]
      }
    },
    "brown": {
      "trigger": "inventory_changed",
      "conditions": {
        "items": [
          {
            "items": [
              "brown_banner"
            ]
          }
        ]
      }
    },
    "green": {
      "trigger": "inventory_changed",
      "conditions": {
        "items": [
          {
            "items": [
              "green_banner"
            ]
          }
        ]
      }
    },
    "red": {
      "trigger": "inventory_changed",
      "conditions": {
        "items": [
          {
            "items": [
              "red_banner"
            ]
          }
        ]
      }
    },
    "black": {
      "trigger": "inventory_changed",
      "conditions": {
        "items": [
          {
            "items": [
              "black_banner"
            ]
          }
        ]
      }
    }
  }
}
