{
  "display": {
    "icon": {
      "item": "light_blue_glazed_terracotta"
    },
    "title": "Glazed",
    "description": "Collect all 16 glazed terracotta colors"
  },
  "parent": "bentobox:collection/terracotta",
  "rewards": {
    "experience": 75
  },
  "criteria": {
    "white": {
      "trigger": "inventory_changed",
      "conditions": {
        "items": [
          {
            "items": [
              "white_glazed_terracotta"
            ]
          }
        ]
      }
    },
    "orange": {
      "trigger": "inventory_changed",
      "conditions": {
        "items": [
          {
            "items": [
              "orange_glazed_terracotta"
            ]
          }
        ]
      }
    },
    "magenta": {
      "trigger": "inventory_changed",
      "conditions": {
        "items": [
          {
            "items": [
              "magenta_glazed_terracotta"
            ]
          }
        ]
      }
    },
    "light_blue": {
      "trigger": "inventory_changed",
      "conditions": {
        "items": [
          {
            "items": [
              "light_blue_glazed_terracotta"
            ]
          }
        ]
      }
    },
    "yellow": {
      "trigger": "inventory_changed",
      "conditions": {
        "items": [
          {
            "items": [
              "yellow_glazed_terracotta"
            ]
          }
        ]
      }
    },
    "lime": {
      "trigger": "inventory_changed",
      "conditions": {
        "items": [
          {
            "items": [
              "lime_glazed_terracotta"
            ]
          }
        ]
      }
    },
    "pink": {
      "trigger": "inventory_changed",
      "conditions": {
        "items": [
          {
            "items": [
              "pink_glazed_terracotta"
            ]
          }
        ]
      }
    },
    "gray": {
      "trigger": "inventory_changed",
      "conditions": {
        "items": [
          {
            "items": [
              "gray_glazed_terracotta"
            ]
          }
        ]
      }
    },
    "light_gray": {
      "trigger": "inventory_changed",
      "conditions": {
        "items": [
          {
            "items": [
              "light_gray_glazed_terracotta"
            ]
          }
        ]
      }
    },
    "cyan": {
      "trigger": "inventory_changed",
      "conditions": {
        "items": [
          {
            "items": [
              "cyan_glazed_terracotta"
            ]
          }
        ]
      }
    },
    "purple": {
      "trigger": "inventory_changed",
      "conditions": {
        "items": [
          {
            "items": [
              "purple_glazed_terracotta"
            ]
          }
        ]
      }
    },
    "blue": {
      "trigger": "inventory_changed",
      "conditions": {
        "items": [
          {
            "items": [
              "blue_glazed_terracotta"
            ]
          }
        ]
      }
    },
    "brown": {
      "trigger": "inventory_changed",
      "conditions": {
        "items": [
          {
            "items": [
              "brown_glazed_terracotta"
            ]
          }
        ]
      }
    },
    "green": {
      "trigger": "inventory_changed",
      "conditions": {
        "items": [
          {
            "items": [
              "green_glazed_terracotta"
            ]
          }
        ]
      }
    },
    "red": {
      "trigger": "inventory_changed",
      "conditions": {
        "items": [
          {
            "items": [
              "red_glazed_terracotta"
            ]
          }
        ]
      }
    },
    "black": {
      "trigger": "inventory_changed",
      "conditions": {
        "items": [
          {
            "items": [
              "black_glazed_terracotta"
            ]
          }
        ]
      }
    }
  }
}
