{
  "display": {
    "icon": {
      "item": "minecraft:mojang_banner_pattern"
    },
    "title": "Vexillology",
    "description": "Collect all six banner patterns",
    "frame": "goal"
  },
  "parent": "bentobox:livestock/loom",
  "criteria": {
    "creeper": {
      "trigger": "minecraft:inventory_changed",
      "conditions": {
        "items": [
          {
            "items": [
              "minecraft:creeper_banner_pattern"
            ]
          }
        ]
      }
    },
    "flower": {
      "trigger": "minecraft:inventory_changed",
      "conditions": {
        "items": [
          {
            "items": [
              "minecraft:flower_banner_pattern"
            ]
          }
        ]
      }
    },
    "globe": {
      "trigger": "minecraft:inventory_changed",
      "conditions": {
        "items": [
          {
            "items": [
              "minecraft:globe_banner_pattern"
            ]
          }
        ]
      }
    },
    "mojang": {
      "trigger": "minecraft:inventory_changed",
      "conditions": {
        "items": [
          {
            "items": [
              "minecraft:mojang_banner_pattern"
            ]
          }
        ]
      }
    },
    "piglin": {
      "trigger": "minecraft:inventory_changed",
      "conditions": {
        "items": [
          {
            "items": [
              "minecraft:piglin_banner_pattern"
            ]
          }
        ]
      }
    },
    "skull": {
      "trigger": "minecraft:inventory_changed",
      "conditions": {
        "items": [
          {
            "items": [
              "minecraft:skull_banner_pattern"
            ]
          }
        ]
      }
    }
  },
  "rewards": {
    "experience": 55
  }
}
