{
  "display": {
    "icon": {
      "item": "minecraft:slime_ball"
    },
    "title": "Wow. How Did You Even Do That?",
    "description": "Drown in a llama's spit",
    "frame": "goal"
  },
  "parent": "bentobox:livestock/llama",
  "criteria": {
    "killed_by": {
      "trigger": "minecraft:entity_killed_player",
      "conditions": {
        "entity": {
          "type": "#bentobox:llamas"
        },
        "killing_blow": {
          "direct_entity": {
            "type": "minecraft:llama_spit"
          }
        }
      }
    }
  }
}
