{
  "display": {
    "icon": {
      "item": "minecraft:iron_sword"
    },
    "title": "Depopulation",
    "description": "Kill an animal",
    "announce_to_chat": false
  },
  "parent": "bentobox:livestock/breed_an_animal",
  "criteria": {
    "animal": {
      "trigger": "minecraft:player_killed_entity",
      "conditions": {
        "entity": [
          {
            "condition": "minecraft:entity_properties",
            "entity": "this",
            "predicate": {
              "type": "#bentobox:animals"
            }
          }
        ]
      }
    }
  }
}
