{
  "display": {
    "icon": {
      "item": "minecraft:lead"
    },
    "title": "Follow the Leader",
    "description": "Attach a mob to a lead",
    "announce_to_chat": false
  },
  "parent": "bentobox:livestock/root",
  "criteria": {
    "lead": {
      "trigger": "minecraft:player_interacted_with_entity",
      "conditions": {
        "item": {
          "items": [
            "minecraft:lead"
          ]
        },
        "entity": {
          "type": "#bentobox:leadable"
        }
      }
    }
  }
}
