{
  "display": {
    "icon": {
      "item": "oak_fence_gate"
    },
    "title": "Livestock",
    "description": "E I E I O",
    "background": "minecraft:textures/block/hay_block_top.png",
    "show_toast": false,
    "announce_to_chat": false
  },
  "criteria": {
    "bred": {
      "trigger": "bred_animals",
      "conditions": {}
    },
    "kill_animal": {
      "trigger": "player_killed_entity",
      "conditions": {
        "entity": {
          "type": "#bentobox:animals"
        }
      }
    },
    "tame_animal": {
      "trigger": "tame_animal"
    }
  },
  "requirements": [
    [
      "bred",
      "kill_animal",
      "tame_animal"
    ]
  ]
}
