{
  "display": {
    "icon": {
      "item": "music_disc_11"
    },
    "title": "Record Collection",
    "description": "Obtain every music disc",
    "frame": "challenge"
  },
  "parent": "bentobox:combat/music_disc",
  "rewards": {
    "experience": 75
  },
  "criteria": {
    "5": {
      "trigger": "inventory_changed",
      "conditions": {
        "items": [
          {
            "items": [
              "music_disc_5"
            ]
          }
        ]
      }
    },
    "11": {
      "trigger": "inventory_changed",
      "conditions": {
        "items": [
          {
            "items": [
              "music_disc_11"
            ]
          }
        ]
      }
    },
    "13": {
      "trigger": "inventory_changed",
      "conditions": {
        "items": [
          {
            "items": [
              "music_disc_13"
            ]
          }
        ]
      }
    },
    "cat": {
      "trigger": "inventory_changed",
      "conditions": {
        "items": [
          {
            "items": [
              "music_disc_cat"
            ]
          }
        ]
      }
    },
    "blocks": {
      "trigger": "inventory_changed",
      "conditions": {
        "items": [
          {
            "items": [
              "music_disc_blocks"
            ]
          }
        ]
      }
    },
    "chirp": {
      "trigger": "inventory_changed",
      "conditions": {
        "items": [
          {
            "items": [
              "music_disc_chirp"
            ]
          }
        ]
      }
    },
    "far": {
      "trigger": "inventory_changed",
      "conditions": {
        "items": [
          {
            "items": [
              "music_disc_far"
            ]
          }
        ]
      }
    },
    "mall": {
      "trigger": "inventory_changed",
      "conditions": {
        "items": [
          {
            "items": [
              "music_disc_mall"
            ]
          }
        ]
      }
    },
    "mellohi": {
      "trigger": "inventory_changed",
      "conditions": {
        "items": [
          {
            "items": [
              "music_disc_mellohi"
            ]
          }
        ]
      }
    },
    "stal": {
      "trigger": "inventory_changed",
      "conditions": {
        "items": [
          {
            "items": [
              "music_disc_stal"
            ]
          }
        ]
      }
    },
    "strad": {
      "trigger": "inventory_changed",
      "conditions": {
        "items": [
          {
            "items": [
              "music_disc_strad"
            ]
          }
        ]
      }
    },
    "ward": {
      "trigger": "inventory_changed",
      "conditions": {
        "items": [
          {
            "items": [
              "music_disc_ward"
            ]
          }
        ]
      }
    },
    "wait": {
      "trigger": "inventory_changed",
      "conditions": {
        "items": [
          {
            "items": [
              "music_disc_wait"
            ]
          }
        ]
      }
    },
    "otherside": {
      "trigger": "inventory_changed",
      "conditions": {
        "items": [
          {
            "items": [
              "music_disc_otherside"
            ]
          }
        ]
      }
    },
    "pigstep": {
      "trigger": "inventory_changed",
      "conditions": {
        "items": [
          {
            "items": [
              "music_disc_pigstep"
            ]
          }
        ]
      }
    }
  }
}
