{
  "display": {
    "icon": {
      "item": "iron_sword"
    },
    "title": {
      "translate": "advancements.adventure.kill_a_mob.title"
    },
    "description": {
      "translate": "advancements.adventure.kill_a_mob.description"
    },
    "announce_to_chat": false
  },
  "parent": "bentobox:combat/make_sword",
  "criteria": {
    "hostile": {
      "trigger": "player_killed_entity",
      "conditions": {
        "entity": {
          "type": "#bentobox:hostile"
        }
      }
    }
  }
}
