{
  "display": {
    "icon": {
      "item": "zombie_head"
    },
    "title": "Guillotine Gatherer",
    "description": "Have a stack of any one skull type in your inventory",
    "frame": "challenge",
    "hidden": true
  },
  "parent": "bentobox:combat/monster_head",
  "rewards": {
    "experience": 750
  },
  "criteria": {
    "heads": {
      "trigger": "inventory_changed",
      "conditions": {
        "items": [
          {
            "tag": "bentobox:heads",
            "count": 64
          }
        ]
      }
    }
  }
}
