{
  "display": {
    "icon": {
      "item": "skeleton_skull"
    },
    "title": {
      "translate": "advancements.adventure.sniper_duel.title"
    },
    "description": "Kill a skeleton from at least 50 meters away",
    "frame": "challenge"
  },
  "parent": "bentobox:combat/bow",
  "rewards": {
    "experience": 50
  },
  "criteria": {
    "skeleton": {
      "trigger": "player_killed_entity",
      "conditions": {
        "entity": {
          "type": "skeleton",
          "distance": {
            "horizontal": {
              "min": 50
            }
          }
        },
        "killing_blow": {
          "tags": [
            {
              "expected": true,
              "id": "minecraft:is_projectile"
            }
          ]
        }
      }
    },
    "stray": {
      "trigger": "player_killed_entity",
      "conditions": {
        "entity": {
          "type": "stray",
          "distance": {
            "horizontal": {
              "min": 50
            }
          }
        },
        "killing_blow": {
          "tags": [
            {
              "expected": true,
              "id": "minecraft:is_projectile"
            }
          ]
        }
      }
    }
  },
  "requirements": [
    [
      "skeleton",
      "stray"
    ]
  ]
}
