{
  "display": {
    "icon": {
      "item": "spectral_arrow"
    },
    "title": "Magic injection applied",
    "description": "Shoot something with a spectral arrow",
    "announce_to_chat": false
  },
  "parent": "bentobox:combat/special_arrow",
  "criteria": {
    "spectral_arrow": {
      "trigger": "player_hurt_entity",
      "conditions": {
        "damage": {
          "type": {
            "tags": [
              {
                "expected": true,
                "id": "minecraft:is_projectile"
              }
            ],
            "direct_entity": {
              "type": "spectral_arrow"
            }
          }
        }
      }
    }
  }
}
