{
  "display": {
    "icon": {
      "item": "tipped_arrow"
    },
    "title": "Magic injection",
    "description": "Obtain a spectral or tipped arrow",
    "announce_to_chat": false
  },
  "parent": "bentobox:combat/bow",
  "criteria": {
    "tipped": {
      "trigger": "inventory_changed",
      "conditions": {
        "items": [
          {
            "items": [
              "tipped_arrow"
            ]
          }
        ]
      }
    },
    "spectral": {
      "trigger": "inventory_changed",
      "conditions": {
        "items": [
          {
            "items": [
              "spectral_arrow"
            ]
          }
        ]
      }
    }
  },
  "requirements": [
    [
      "tipped",
      "spectral"
    ]
  ]
}
