{
  "display": {
    "icon": {
      "item": "arrow"
    },
    "title": {
      "translate": "advancements.adventure.two_birds_one_arrow.title"
    },
    "description": "Kill two phantoms with a piercing arrow",
    "frame": "challenge"
  },
  "rewards": {
    "experience": 65
  },
  "parent": "bentobox:combat/ol_betsy",
  "criteria": {
    "two_birds": {
      "trigger": "killed_by_crossbow",
      "conditions": {
        "victims": [
          {
            "type": "phantom"
          },
          {
            "type": "phantom"
          }
        ]
      }
    }
  }
}
