{
  "display": {
    "icon": {
      "item": "minecraft:jungle_sapling"
    },
    "title": "Restoration",
    "description": "Help restore a forest by planting a sapling",
    "announce_to_chat": false
  },
  "parent": "bentobox:forestry/sapling",
  "criteria": {
    "plant_sapling": {
      "trigger": "minecraft:placed_block",
      "conditions": {
        "location": [
          {
            "condition": "minecraft:location_check",
            "predicate": {
              "block": {
                "tag": "minecraft:saplings"
              }
            }
          }
        ]
      }
    }
  }
}
