{
  "display": {
    "icon": {
      "item": "minecraft:stripped_spruce_wood"
    },
    "title": "Lost Its Bark",
    "description": "Strip a wood block of its bark",
    "announce_to_chat": false
  },
  "parent": "bentobox:forestry/wood",
  "criteria": {
    "strip_wood": {
      "trigger": "minecraft:item_used_on_block",
      "conditions": {
        "location": [
          {
            "condition": "minecraft:match_tool",
            "predicate": {
              "tag": "minecraft:axes"
            }
          },
          {
            "condition": "minecraft:location_check",
            "predicate": {
              "block": {
                "tag": "bentobox:stripped_woods"
              }
            }
          }
        ]
      }
    }
  }
}
