{
  "display": {
    "icon": {
      "item": "minecraft:armor_stand"
    },
    "title": "Armor Showcase",
    "description": "Place an armor stand to display your armor",
    "announce_to_chat": false
  },
  "parent": "bentobox:building/item_frame",
  "criteria": {
    "armor_stand": {
      "trigger": "minecraft:location",
      "conditions": {
        "player": {
          "type_specific": {
            "type": "player",
            "stats": [
              {
                "type": "used",
                "stat": "armor_stand",
                "value": {
                  "min": 1
                }
              }
            ]
          }
        }
      }
    }
  }
}
