{
  "display": {
    "icon": {
      "item": "minecraft:glow_ink_sac"
    },
    "title": {
      "translate": "advancements.husbandry.make_a_sign_glow.title"
    },
    "description": "Make the text on a sign glow",
    "announce_to_chat": false
  },
  "parent": "bentobox:building/sign_write",
  "criteria": {
    "make_a_sign_glow": {
      "trigger": "minecraft:item_used_on_block",
      "conditions": {
        "location": [
          {
            "condition": "minecraft:match_tool",
            "predicate": {
              "items": [
                "minecraft:glow_ink_sac"
              ]
            }
          },
          {
            "condition": "minecraft:location_check",
            "predicate": {
              "block": {
                "tag": "minecraft:all_signs"
              }
            }
          }
        ]
      }
    }
  }
}
