{
  "display": {
    "icon": {
      "item": "minecraft:item_frame"
    },
    "title": "Frame Master",
    "description": "Place an item frame to display your items",
    "announce_to_chat": false
  },
  "parent": "bentobox:building/sign_write",
  "criteria": {
    "item_frame": {
      "trigger": "minecraft:location",
      "conditions": {
        "player": {
          "type_specific": {
            "type": "player",
            "stats": [
              {
                "type": "used",
                "stat": "item_frame",
                "value": {
                  "min": 1
                }
              }
            ]
          }
        }
      }
    },
    "glow_item_frame": {
      "trigger": "minecraft:location",
      "conditions": {
        "player": {
          "type_specific": {
            "type": "player",
            "stats": [
              {
                "type": "used",
                "stat": "glow_item_frame",
                "value": {
                  "min": 1
                }
              }
            ]
          }
        }
      }
    }
  },
  "requirements": [
    [
      "item_frame",
      "glow_item_frame"
    ]
  ]
}
