{
  "display": {
    "icon": {
      "item": "minecraft:lantern"
    },
    "title": "Lantern Luminary",
    "description": "Light up the area with lanterns",
    "announce_to_chat": false
  },
  "parent": "bentobox:building/torch",
  "criteria": {
    "lantern": {
      "trigger": "minecraft:placed_block",
      "conditions": {
        "location": [
          {
            "condition": "minecraft:location_check",
            "predicate": {
              "block": {
                "blocks": [
                  "minecraft:lantern"
                ]
              }
            }
          }
        ]
      }
    }
  }
}
