{
  "display": {
    "icon": {
      "item": "minecraft:lightning_rod"
    },
    "title": "Thunder Tamer",
    "description": "Place a lightning rod to keep your buildings safe",
    "announce_to_chat": false
  },
  "parent": "bentobox:building/copper",
  "criteria": {
    "lightning_rod": {
      "trigger": "minecraft:placed_block",
      "conditions": {
        "location": [
          {
            "condition": "minecraft:location_check",
            "predicate": {
              "block": {
                "blocks": [
                  "minecraft:lightning_rod"
                ]
              }
            }
          }
        ]
      }
    }
  }
}
