{
  "display": {
    "icon": {
      "item": "minecraft:bricks"
    },
    "title": "Building",
    "description": "Boundless potential: Unleash imagination, fuel with resources!",
    "background": "minecraft:textures/block/bricks.png",
    "show_toast": false,
    "announce_to_chat": false
  },
  "criteria": {
    "place_block": {
      "trigger": "minecraft:placed_block",
      "conditions": {
        "location": [
          {
            "condition": "minecraft:location_check",
            "predicate": {}
          }
        ]
      }
    }
  }
}
