{
  "display": {
    "icon": {
      "item": "minecraft:sea_lantern"
    },
    "title": "Marine Illuminatrix",
    "description": "Light up the area with sea lanterns",
    "announce_to_chat": false
  },
  "parent": "bentobox:building/glowstone",
  "criteria": {
    "sea_lantern": {
      "trigger": "minecraft:placed_block",
      "conditions": {
        "location": [
          {
            "condition": "minecraft:location_check",
            "predicate": {
              "block": {
                "blocks": [
                  "minecraft:sea_lantern"
                ]
              }
            }
          }
        ]
      }
    }
  }
}
