{
  "display": {
    "icon": {
      "item": "minecraft:torch"
    },
    "title": "Flame Keeper!",
    "description": "Light up the area with torches",
    "announce_to_chat": false
  },
  "parent": "bentobox:building/root",
  "criteria": {
    "torch": {
      "trigger": "minecraft:placed_block",
      "conditions": {
        "location": [
          {
            "condition": "minecraft:location_check",
            "predicate": {
              "block": {
                "blocks": [
                  "minecraft:torch"
                ]
              }
            }
          }
        ]
      }
    }
  }
}
