{
  "display": {
    "icon": {
      "item": "minecraft:golden_axe"
    },
    "title": {
      "translate": "advancements.husbandry.wax_off.title"
    },
    "description": "Scrape wax off of a copper block",
    "announce_to_chat": false
  },
  "parent": "bentobox:building/wax_on",
  "criteria": {
    "wax_off": {
      "trigger": "minecraft:item_used_on_block",
      "conditions": {
        "location": [
          {
            "condition": "minecraft:location_check",
            "predicate": {
              "block": {
                "tag": "bentobox:waxed_copper"
              }
            }
          }
        ]
      }
    }
  }
}
