{
  "display": {
    "icon": {
      "item": "minecraft:heart_of_the_sea"
    },
    "title": "Heart and Soul",
    "description": "Collect a heart of the sea and a nautilus shell",
    "announce_to_chat": false
  },
  "parent": "bentobox:ocean/hidden_booty",
  "criteria": {
    "heart_of_the_sea": {
      "trigger": "minecraft:inventory_changed",
      "conditions": {
        "items": [
          {
            "items": [
              "minecraft:heart_of_the_sea"
            ]
          }
        ]
      }
    },
    "nautilus_shell": {
      "trigger": "minecraft:inventory_changed",
      "conditions": {
        "items": [
          {
            "items": [
              "minecraft:nautilus_shell"
            ]
          }
        ]
      }
    }
  }
}
