{
  "display": {
    "icon": {
      "item": "minecraft:fishing_rod",
      "nbt": "{Enchantments:[{id:'lure'}]}"
    },
    "title": "Master Fisher",
    "description": "Create a perfect fishing rod",
    "frame": "challenge"
  },
  "parent": "bentobox:ocean/fishy_business",
  "criteria": {
    "fishing_rod": {
      "trigger": "minecraft:inventory_changed",
      "conditions": {
        "items": [
          {
            "items": [
              "minecraft:fishing_rod"
            ],
            "enchantments": [
              {
                "enchantment": "minecraft:luck_of_the_sea",
                "levels": 3
              },
              {
                "enchantment": "minecraft:lure",
                "levels": 3
              },
              {
                "enchantment": "minecraft:unbreaking",
                "levels": 3
              },
              {
                "enchantment": "minecraft:mending",
                "levels": 1
              }
            ]
          }
        ]
      }
    }
  },
  "rewards": {
    "experience": 100
  }
}
