{
  "display": {
    "icon": {
      "item": "minecraft:trident",
      "nbt": "{Enchantments:[{id:'lure'}]}"
    },
    "title": "Pulled out to Sea",
    "description": "Get caught in a riptide",
    "announce_to_chat": false
  },
  "parent": "bentobox:ocean/frost_walker",
  "criteria": {
    "riptide": {
      "trigger": "minecraft:inventory_changed",
      "conditions": {
        "items": [
          {
            "items": [
              "minecraft:trident"
            ],
            "enchantments": [
              {
                "enchantment": "minecraft:riptide",
                "levels": {
                  "min": 1,
                  "max": 3
                }
              }
            ]
          }
        ]
      }
    }
  }
}
