{
  "display": {
    "icon": {
      "item": "trident"
    },
    "title": {
      "translate": "advancements.adventure.throw_trident.title"
    },
    "description": {
      "translate": "advancements.adventure.throw_trident.description"
    },
    "announce_to_chat": false
  },
  "parent": "bentobox:ocean/drowned",
  "criteria": {
    "throw_trident": {
      "trigger": "player_hurt_entity",
      "conditions": {
        "damage": {
          "type": {
            "tags": [
              {
                "expected": true,
                "id": "minecraft:is_projectile"
              }
            ],
            "direct_entity": {
              "type": "trident"
            }
          }
        }
      }
    }
  }
}
