{
  "parent": "minecraft:end/enter_end_gateway",
  "criteria": {
    "in_city": {
      "conditions": {
        "player": [
          {
            "condition": "entity_properties",
            "entity": "this",
            "predicate": {
              "location": {
                "structure": "end_city"
              }
            }
          }
        ]
      },
      "trigger": "location"
    }
  },
  "display": {
    "announce_to_chat": false,
    "description": {
      "translate": "advancements.end.find_end_city.description"
    },
    "icon": {
      "item": "purpur_block"
    },
    "title": {
      "translate": "advancements.end.find_end_city.title"
    }
  }
}
