{
  "display": {
    "icon": {
      "item": "minecraft:chorus_flower"
    },
    "title": "Unnatural",
    "description": "Replant a chorus tree in the Overworld",
    "announce_to_chat": false
  },
  "parent": "minecraft:end/chorus_fruit",
  "criteria": {
    "chorus_flower": {
      "trigger": "minecraft:placed_block",
      "conditions": {
        "location": [
          {
            "condition": "minecraft:location_check",
            "predicate": {
              "dimension": "minecraft:overworld",
              "block": {
                "blocks": [
                  "minecraft:chorus_plant"
                ]
              }
            }
          }
        ]
      }
    }
  }
}
