{
  "display": {
    "icon": {
      "item": "black_stained_glass_pane"
    },
    "title": "Call of the Void",
    "description": "Take void damage",
    "announce_to_chat": false
  },
  "parent": "minecraft:end/root",
  "criteria": {
    "void": {
      "trigger": "entity_hurt_player",
      "conditions": {
        "damage": {
          "type": {
            "tags": [
              {
                "expected": true,
                "id": "bypasses_invulnerability"
              }
            ]
          }
        }
      }
    }
  }
}
