{
  "display": {
    "icon": {
      "item": "minecraft:chiseled_polished_blackstone"
    },
    "title": {
      "translate": "advancements.nether.find_bastion.title"
    },
    "description": "Explore the remnants of a bastion",
    "announce_to_chat": false
  },
  "parent": "bentobox:nether_structures/root",
  "criteria": {
    "bastion": {
      "trigger": "minecraft:location",
      "conditions": {
        "player": [
          {
            "condition": "minecraft:location_check",
            "predicate": {
              "structure": "minecraft:bastion_remnant"
            }
          }
        ]
      }
    }
  }
}
