{
  "display": {
    "icon": {
      "item": "minecraft:brewing_stand"
    },
    "title": "Brewing Machine",
    "description": "Place a brewing stand to create powerful potions",
    "announce_to_chat": false
  },
  "parent": "bentobox:nether_structures/nether_wart",
  "criteria": {
    "brewing_stand": {
      "trigger": "minecraft:placed_block",
      "conditions": {
        "location": [
          {
            "condition": "minecraft:location_check",
            "predicate": {
              "block": {
                "blocks": [
                  "minecraft:brewing_stand"
                ]
              }
            }
          }
        ]
      }
    }
  }
}
