{
  "display": {
    "icon": {
      "item": "minecraft:nether_bricks"
    },
    "title": {
      "translate": "advancements.nether.find_fortress.title"
    },
    "description": "Break your way into a nether fortress",
    "announce_to_chat": false
  },
  "parent": "bentobox:nether_structures/root",
  "criteria": {
    "fortress": {
      "trigger": "minecraft:location",
      "conditions": {
        "player": [
          {
            "condition": "minecraft:location_check",
            "predicate": {
              "structure": "minecraft:fortress"
            }
          }
        ]
      }
    }
  }
}
