{
  "display": {
    "icon": {
      "item": "splash_potion",
      "nbt": "{Potion:'poison'}"
    },
    "title": "Taste of Your Own Medicine",
    "description": "Kill a witch with a splash potion",
    "frame": "goal",
    "announce_to_chat": false
  },
  "parent": "bentobox:nether_structures/brew_potion",
  "criteria": {
    "splash_witch": {
      "trigger": "player_killed_entity",
      "conditions": {
        "entity": {
          "type": "witch"
        },
        "killing_blow": {
          "tags": [
            {
              "expected": true,
              "id": "avoids_guardian_thorns"
            }
          ]
        }
      }
    }
  }
}
