{
  "display": {
    "icon": {
      "item": "glowstone_dust"
    },
    "title": "Power Up",
    "description": "Use glowstone dust to make a potion stronger",
    "announce_to_chat": false
  },
  "parent": "bentobox:nether_structures/extend_potion",
  "criteria": {
    "leaping": {
      "trigger": "brewed_potion",
      "conditions": {
        "potion": "strong_leaping"
      }
    },
    "swiftness": {
      "trigger": "brewed_potion",
      "conditions": {
        "potion": "strong_swiftness"
      }
    },
    "slowness": {
      "trigger": "brewed_potion",
      "conditions": {
        "potion": "strong_slowness"
      }
    },
    "turtle_master": {
      "trigger": "brewed_potion",
      "conditions": {
        "potion": "strong_turtle_master"
      }
    },
    "healing": {
      "trigger": "brewed_potion",
      "conditions": {
        "potion": "strong_healing"
      }
    },
    "harming": {
      "trigger": "brewed_potion",
      "conditions": {
        "potion": "strong_harming"
      }
    },
    "poison": {
      "trigger": "brewed_potion",
      "conditions": {
        "potion": "strong_poison"
      }
    },
    "regeneration": {
      "trigger": "brewed_potion",
      "conditions": {
        "potion": "strong_regeneration"
      }
    },
    "strength": {
      "trigger": "brewed_potion",
      "conditions": {
        "potion": "strong_strength"
      }
    }
  },
  "requirements": [
    [
      "leaping",
      "swiftness",
      "slowness",
      "turtle_master",
      "healing",
      "harming",
      "poison",
      "regeneration",
      "strength"
    ]
  ]
}
