{
  "display": {
    "icon": {
      "item": "wither_skeleton_skull"
    },
    "title": {
      "translate": "advancements.nether.get_wither_skull.title"
    },
    "description": "Obtain a wither skeleton's skull",
    "frame": "goal",
    "announce_to_chat": false
  },
  "parent": "bentobox:nether_structures/fortress",
  "criteria": {
    "skull": {
      "trigger": "inventory_changed",
      "conditions": {
        "items": [
          {
            "items": [
              "wither_skeleton_skull"
            ]
          }
        ]
      }
    }
  }
}
