{
  "display": {
    "icon": {
      "item": "end_stone_bricks"
    },
    "title": "A Long Way from the Outpost...",
    "description": "Start a raid in the End",
    "frame": "challenge"
  },
  "rewards": {
    "experience": 400
  },
  "parent": "bentobox:village/start_raid",
  "criteria": {
    "raid_nether": {
      "trigger": "voluntary_exile",
      "conditions": {
        "dimension": "the_nether"
      }
    },
    "raid_end": {
      "trigger": "voluntary_exile",
      "conditions": {
        "dimension": "the_end"
      }
    }
  },
  "requirements": [
    [
      "raid_nether",
      "raid_end"
    ]
  ]
}
