{
  "display": {
    "icon": {
      "item": "arrow"
    },
    "title": {
      "translate": "advancements.adventure.whos_the_pillager_now.title"
    },
    "description": "Give a pillager a taste of their own medicine",
    "announce_to_chat": false
  },
  "parent": "bentobox:village/pillager_outpost",
  "criteria": {
    "kill_pillager": {
      "trigger": "killed_by_crossbow",
      "conditions": {
        "victims": [
          {
            "type": "pillager"
          }
        ]
      }
    }
  }
}
