{
  "display": {
    "icon": {
      "item": "minecraft:white_banner",
      "nbt": "{BlockEntityTag: {Patterns: [{Pattern: 'mr', Color: 9}, {Pattern: 'bs', Color: 8}, {Pattern: 'cs', Color: 7}, {Pattern: 'bo', Color: 8}, {Pattern: 'ms', Color: 15}, {Pattern: 'hh', Color: 8}, {Pattern: 'mc', Color: 8}, {Pattern: 'bo', Color: 15}]}}"
    },
    "title": "Evil Decor",
    "description": "Place the cursed banner",
    "announce_to_chat": false
  },
  "parent": "bentobox:village/have_bad_omen",
  "criteria": {
    "ominous_banner": {
      "trigger": "minecraft:placed_block",
      "conditions": {
        "location": [
          {
            "condition": "minecraft:location_check",
            "predicate": {
              "block": {
                "blocks": [
                  "minecraft:white_banner"
                ],
                "nbt": "{BlockEntityTag: {Patterns: [{Pattern: 'mr', Color: 9}, {Pattern: 'bs', Color: 8}, {Pattern: 'cs', Color: 7}, {Pattern: 'bo', Color: 8}, {Pattern: 'ms', Color: 15}, {Pattern: 'hh', Color: 8}, {Pattern: 'mc', Color: 8}, {Pattern: 'bo', Color: 15}]}}"
              }
            }
          }
        ]
      }
    }
  }
}
