{
  "parent": "bentobox:village/complete_trade",
  "display": {
    "icon": {
      "item": "nether_star"
    },
    "title": {
      "translate": "advancements.adventure.trade_at_world_height.title"
    },
    "description": "Trade with a villager at the build height limit",
    "announce_to_chat": false
  },
  "criteria": {
    "trade": {
      "trigger": "villager_trade",
      "conditions": {
        "player": [
          {
            "condition": "entity_properties",
            "predicate": {
              "location": {
                "position": {
                  "y": {
                    "min": 319
                  }
                }
              }
            },
            "entity": "this"
          }
        ]
      }
    }
  }
}
