{
  "display": {
    "icon": {
      "item": "minecraft:cake"
    },
    "title": {
      "translate": "advancements.husbandry.allay_deliver_cake_to_note_block.title"
    },
    "description": "Have an allay drop a cake at a note block"
  },
  "parent": "bentobox:redstone/allay_deliver",
  "criteria": {
    "allay_deliver_cake_to_note_block": {
      "trigger": "minecraft:allay_drop_item_on_block",
      "conditions": {
        "location": [
          {
            "condition": "minecraft:match_tool",
            "predicate": {
              "items": [
                "minecraft:cake"
              ]
            }
          },
          {
            "condition": "minecraft:location_check",
            "predicate": {
              "block": {
                "blocks": [
                  "minecraft:note_block"
                ]
              }
            }
          }
        ]
      }
    }
  }
}
