{
  "display": {
    "icon": {
      "item": "minecraft:cookie"
    },
    "title": {
      "translate": "advancements.husbandry.allay_deliver_item_to_player.title"
    },
    "description": "Have an allay deliver items to you",
    "announce_to_chat": false
  },
  "parent": "bentobox:redstone/note_block",
  "criteria": {
    "allay_deliver_item_to_player": {
      "trigger": "minecraft:thrown_item_picked_up_by_player",
      "conditions": {
        "entity": [
          {
            "condition": "minecraft:entity_properties",
            "entity": "this",
            "predicate": {
              "type": "minecraft:allay"
            }
          }
        ]
      }
    }
  }
}
