{
  "display": {
    "icon": {
      "item": "minecraft:target"
    },
    "title": {
      "translate": "advancements.adventure.bullseye.title"
    },
    "description": "Hit the bullseye of a target block from at least 30 meters away",
    "frame": "challenge"
  },
  "parent": "bentobox:redstone/dispenser",
  "criteria": {
    "bullseye": {
      "trigger": "minecraft:target_hit",
      "conditions": {
        "projectile": [
          {
            "condition": "minecraft:entity_properties",
            "entity": "this",
            "predicate": {
              "distance": {
                "horizontal": {
                  "min": 30
                }
              }
            }
          }
        ],
        "signal_strength": 15
      }
    }
  },
  "rewards": {
    "experience": 50
  }
}
