{
  "display": {
    "icon": {
      "item": "minecraft:stone_button"
    },
    "title": "Timed Trigger",
    "description": "Press a button",
    "announce_to_chat": false
  },
  "parent": "bentobox:redstone/lever_use",
  "criteria": {
    "not_sneaking": {
      "trigger": "minecraft:item_used_on_block",
      "conditions": {
        "player": [
          {
            "condition": "minecraft:entity_properties",
            "entity": "this",
            "predicate": {
              "type": "minecraft:player",
              "flags": {
                "is_sneaking": false
              }
            }
          }
        ],
        "location": [
          {
            "condition": "minecraft:location_check",
            "predicate": {
              "block": {
                "tag": "minecraft:buttons"
              }
            }
          }
        ]
      }
    },
    "sneaking": {
      "trigger": "minecraft:item_used_on_block",
      "conditions": {
        "player": [
          {
            "condition": "minecraft:entity_properties",
            "entity": "this",
            "predicate": {
              "type": "minecraft:player",
              "flags": {
                "is_sneaking": true
              }
            }
          }
        ],
        "location": [
          {
            "condition": "minecraft:location_check",
            "predicate": {
              "block": {
                "tag": "minecraft:buttons"
              }
            }
          }
        ]
      }
    }
  },
  "requirements": [
    [
      "not_sneaking",
      "sneaking"
    ]
  ]
}
