{
  "display": {
    "icon": {
      "item": "minecraft:comparator"
    },
    "title": "(Don't) Compare Yourself",
    "description": "Compare a signal",
    "announce_to_chat": false
  },
  "parent": "bentobox:redstone/repeater",
  "criteria": {
    "comparator": {
      "trigger": "minecraft:placed_block",
      "conditions": {
        "location": [
          {
            "condition": "minecraft:location_check",
            "predicate": {
              "block": {
                "blocks": [
                  "minecraft:comparator"
                ]
              }
            }
          }
        ]
      }
    }
  }
}
