{
  "display": {
    "icon": {
      "item": "minecraft:detector_rail"
    },
    "title": "Minecart Power",
    "description": "Craft and place a detector rail",
    "announce_to_chat": false
  },
  "parent": "bentobox:redstone/pressure_plate",
  "criteria": {
    "detector_rail": {
      "trigger": "minecraft:placed_block",
      "conditions": {
        "location": [
          {
            "condition": "minecraft:location_check",
            "predicate": {
              "block": {
                "blocks": [
                  "minecraft:detector_rail"
                ]
              }
            }
          }
        ]
      }
    }
  }
}
