{
  "display": {
    "icon": {
      "item": "minecraft:dropper"
    },
    "title": "Drop This!",
    "description": "Craft and place a dropper",
    "announce_to_chat": false
  },
  "parent": "bentobox:redstone/hopper",
  "criteria": {
    "dropper": {
      "trigger": "minecraft:placed_block",
      "conditions": {
        "location": [
          {
            "condition": "minecraft:location_check",
            "predicate": {
              "block": {
                "blocks": [
                  "minecraft:dropper"
                ]
              }
            }
          }
        ]
      }
    }
  }
}
