{
  "display": {
    "icon": {
      "item": "minecraft:hopper_minecart"
    },
    "title": "Moving Moving Storage",
    "description": "Put a hopper in a minecart",
    "announce_to_chat": false
  },
  "parent": "bentobox:redstone/hopper",
  "criteria": {
    "hopper_minecart": {
      "trigger": "minecraft:inventory_changed",
      "conditions": {
        "items": [
          {
            "items": [
              "minecraft:hopper_minecart"
            ]
          }
        ]
      }
    }
  }
}
