{
  "display": {
    "icon": {
      "item": "minecraft:hopper"
    },
    "title": "Moving Storage",
    "description": "Move your items with a hopper",
    "announce_to_chat": false
  },
  "parent": "bentobox:redstone/root",
  "criteria": {
    "hopper": {
      "trigger": "minecraft:placed_block",
      "conditions": {
        "location": [
          {
            "condition": "minecraft:location_check",
            "predicate": {
              "block": {
                "blocks": [
                  "minecraft:hopper"
                ]
              }
            }
          }
        ]
      }
    }
  }
}
