{
  "display": {
    "icon": {
      "item": "minecraft:lever"
    },
    "title": "Flip the Switch!",
    "description": "Activate a lever",
    "announce_to_chat": false
  },
  "parent": "bentobox:redstone/root",
  "criteria": {
    "not_sneaking": {
      "trigger": "minecraft:item_used_on_block",
      "conditions": {
        "player": [
          {
            "condition": "minecraft:entity_properties",
            "entity": "this",
            "predicate": {
              "flags": {
                "is_sneaking": false
              }
            }
          }
        ],
        "location": [
          {
            "condition": "minecraft:match_tool",
            "predicate": {
              "items": [
                "minecraft:lever"
              ]
            }
          }
        ]
      }
    },
    "sneaking": {
      "trigger": "minecraft:item_used_on_block",
      "conditions": {
        "player": [
          {
            "condition": "minecraft:entity_properties",
            "entity": "this",
            "predicate": {
              "flags": {
                "is_sneaking": true
              }
            }
          }
        ],
        "location": [
          {
            "condition": "minecraft:match_tool",
            "predicate": {
              "items": [
                "minecraft:lever"
              ]
            }
          }
        ]
      }
    }
  },
  "requirements": [
    [
      "not_sneaking",
      "sneaking"
    ]
  ]
}
