{
  "display": {
    "icon": {
      "item": "minecraft:observer"
    },
    "title": "Observe This!",
    "description": "Assign an observer to give updates on a block",
    "announce_to_chat": false
  },
  "parent": "bentobox:redstone/dispenser",
  "criteria": {
    "observer": {
      "trigger": "minecraft:placed_block",
      "conditions": {
        "location": [
          {
            "condition": "minecraft:location_check",
            "predicate": {
              "block": {
                "blocks": [
                  "minecraft:observer"
                ]
              }
            }
          }
        ]
      }
    }
  }
}
