{
  "display": {
    "icon": {
      "item": "minecraft:gunpowder"
    },
    "title": "Payback",
    "description": "Blow up a creeper",
    "frame": "challenge"
  },
  "parent": "bentobox:redstone/tnt",
  "criteria": {
    "explode_creeper": {
      "trigger": "minecraft:player_killed_entity",
      "conditions": {
        "entity": {
          "type": "creeper"
        },
        "killing_blow": {
          "tags": [
            {
              "id": "minecraft:is_explosion",
              "expected": true
            }
          ]
        }
      }
    }
  },
  "rewards": {
    "experience": 50
  }
}
