{
  "display": {
    "icon": {
      "item": "minecraft:stone_pressure_plate"
    },
    "title": "Under Pressure",
    "description": "Activate a pressure plate",
    "announce_to_chat": false
  },
  "parent": "bentobox:redstone/button",
  "criteria": {
    "tripwire": {
      "trigger": "minecraft:location",
      "conditions": {
        "player": {
          "location": {
            "block": {
              "tag": "pressure_plates",
              "state": {
                "powered": true
              }
            }
          }
        }
      }
    }
  }
}
