{
  "display": {
    "icon": {
      "item": "minecraft:redstone_torch"
    },
    "title": "Powerful Light",
    "description": "Craft and place a redstone torch",
    "announce_to_chat": false
  },
  "parent": "bentobox:redstone/root",
  "criteria": {
    "redstone_torch": {
      "trigger": "minecraft:placed_block",
      "conditions": {
        "location": [
          {
            "condition": "minecraft:location_check",
            "predicate": {
              "block": {
                "blocks": [
                  "minecraft:redstone_torch"
                ]
              }
            }
          }
        ]
      }
    }
  }
}
