{
  "display": {
    "icon": {
      "item": "minecraft:redstone"
    },
    "title": "Redstone",
    "description": "Power the world",
    "background": "minecraft:textures/block/hopper_inside.png",
    "show_toast": false,
    "announce_to_chat": false
  },
  "criteria": {
    "redstone": {
      "trigger": "minecraft:placed_block",
      "conditions": {
        "location": [
          {
            "condition": "minecraft:location_check",
            "predicate": {
              "block": {
                "blocks": [
                  "minecraft:redstone_wire"
                ]
              }
            }
          }
        ]
      }
    }
  }
}
