{
  "display": {
    "icon": {
      "item": "minecraft:sticky_piston"
    },
    "title": "...Pull...",
    "description": "Craft and place a sticky piston",
    "announce_to_chat": false
  },
  "parent": "bentobox:redstone/piston",
  "criteria": {
    "sticky_piston": {
      "trigger": "minecraft:placed_block",
      "conditions": {
        "location": [
          {
            "condition": "minecraft:location_check",
            "predicate": {
              "block": {
                "blocks": [
                  "minecraft:sticky_piston"
                ]
              }
            }
          }
        ]
      }
    }
  }
}
