{
  "display": {
    "icon": {
      "item": "minecraft:sculk_shrieker"
    },
    "title": "Sculk Maestro",
    "description": "Make a sculk shrieker stir the warden",
    "frame": "goal",
    "announce_to_chat": false
  },
  "parent": "bentobox:caving/sneak_vibration",
  "criteria": {
    "warning_level": {
      "trigger": "minecraft:location",
      "conditions": {
        "player": [
          {
            "condition": "minecraft:inverted",
            "term": {
              "condition": "minecraft:entity_properties",
              "entity": "this",
              "predicate": {
                "nbt": "{warden_spawn_tracker:{warning_level:0}}"
              }
            }
          }
        ]
      }
    }
  }
}
