{
  "display": {
    "icon": {
      "item": "minecraft:diamond_ore"
    },
    "title": "Dazzling Diamonds",
    "description": "Descend deep enough to find diamonds",
    "announce_to_chat": false
  },
  "parent": "bentobox:caving/root",
  "criteria": {
    "16": {
      "trigger": "minecraft:location",
      "conditions": {
        "player": {
          "location": {
            "position": {
              "y": {
                "max": 16
              }
            },
            "dimension": "overworld"
          }
        }
      }
    }
  }
}
