{
  "parent": "bentobox:caving/axolotl_bucket",
  "display": {
    "icon": {
      "item": "tropical_fish_bucket"
    },
    "title": {
      "translate": "advancements.husbandry.kill_axolotl_target.title"
    },
    "description": "Team up with an axolotl and win a fight",
    "announce_to_chat": false
  },
  "criteria": {
    "kill_axolotl_target": {
      "trigger": "effects_changed",
      "conditions": {
        "source": [
          {
            "condition": "entity_properties",
            "predicate": {
              "type": "axolotl"
            },
            "entity": "this"
          }
        ]
      }
    }
  }
}
