{
  "display": {
    "icon": {
      "item": "minecraft:lava_bucket"
    },
    "title": "Subterranean Lava Surfer",
    "description": "Go so deep that lava seeps into open spaces",
    "announce_to_chat": false
  },
  "parent": "bentobox:caving/deepslate",
  "criteria": {
    "lava": {
      "trigger": "minecraft:location",
      "conditions": {
        "player": {
          "location": {
            "position": {
              "y": {
                "max": -54
              }
            },
            "dimension": "overworld"
          }
        }
      }
    }
  }
}
