{
  "display": {
    "icon": {
      "item": "red_mushroom"
    },
    "title": "Mycologists Unite!",
    "description": "Gather both types of mushroom",
    "announce_to_chat": false
  },
  "parent": "bentobox:caving/glow_lichen",
  "criteria": {
    "brown": {
      "trigger": "inventory_changed",
      "conditions": {
        "items": [
          {
            "items": [
              "brown_mushroom"
            ]
          }
        ]
      }
    },
    "red": {
      "trigger": "inventory_changed",
      "conditions": {
        "items": [
          {
            "items": [
              "red_mushroom"
            ]
          }
        ]
      }
    }
  }
}
