{
  "display": {
    "icon": {
      "item": "minecraft:iron_pickaxe"
    },
    "title": "Caving",
    "description": "Down we go!",
    "background": "minecraft:textures/block/stone.png",
    "show_toast": false,
    "announce_to_chat": false
  },
  "criteria": {
    "level": {
      "trigger": "minecraft:location",
      "conditions": {
        "player": [
          {
            "condition": "minecraft:inverted",
            "term": {
              "condition": "minecraft:any_of",
              "terms": [
                {
                  "condition": "minecraft:location_check",
                  "predicate": {
                    "biome": "minecraft:ocean"
                  }
                },
                {
                  "condition": "minecraft:location_check",
                  "predicate": {
                    "biome": "minecraft:deep_ocean"
                  }
                },
                {
                  "condition": "minecraft:location_check",
                  "predicate": {
                    "biome": "minecraft:frozen_ocean"
                  }
                },
                {
                  "condition": "minecraft:location_check",
                  "predicate": {
                    "biome": "minecraft:deep_frozen_ocean"
                  }
                },
                {
                  "condition": "minecraft:location_check",
                  "predicate": {
                    "biome": "minecraft:cold_ocean"
                  }
                },
                {
                  "condition": "minecraft:location_check",
                  "predicate": {
                    "biome": "minecraft:deep_cold_ocean"
                  }
                },
                {
                  "condition": "minecraft:location_check",
                  "predicate": {
                    "biome": "minecraft:warm_ocean"
                  }
                },
                {
                  "condition": "minecraft:location_check",
                  "predicate": {
                    "biome": "minecraft:lukewarm_ocean"
                  }
                },
                {
                  "condition": "minecraft:location_check",
                  "predicate": {
                    "biome": "minecraft:deep_lukewarm_ocean"
                  }
                }
              ]
            }
          },
          {
            "condition": "minecraft:entity_properties",
            "entity": "this",
            "predicate": {
              "location": {
                "position": {
                  "y": {
                    "max": 50
                  }
                },
                "dimension": "minecraft:overworld"
              }
            }
          }
        ]
      }
    }
  }
}
