{
  "display": {
    "icon": {
      "item": "minecraft:dragon_head"
    },
    "title": {
      "translate": "advancements.adventure.spyglass_at_dragon.title"
    },
    "description": "Look at the ender dragon through a spyglass",
    "announce_to_chat": false
  },
  "parent": "bentobox:caving/spyglass_ghast",
  "criteria": {
    "spyglass_at_dragon": {
      "trigger": "minecraft:using_item",
      "conditions": {
        "player": [
          {
            "condition": "minecraft:entity_properties",
            "entity": "this",
            "predicate": {
              "type_specific": {
                "type": "player",
                "looking_at": {
                  "type": "minecraft:ender_dragon"
                }
              }
            }
          }
        ],
        "item": {
          "items": [
            "minecraft:spyglass"
          ]
        }
      }
    }
  }
}
