{
  "parent": "bentobox:caving/spyglass_parrot",
  "display": {
    "icon": {
      "item": "ghast_tear"
    },
    "title": {
      "translate": "advancements.adventure.spyglass_at_ghast.title"
    },
    "description": "Look at a ghast through a spyglass",
    "announce_to_chat": false
  },
  "criteria": {
    "spyglass_at_ghast": {
      "trigger": "using_item",
      "conditions": {
        "player": [
          {
            "condition": "entity_properties",
            "predicate": {
              "type_specific": {
                "looking_at": {
                  "type": "ghast"
                },
                "type": "player"
              }
            },
            "entity": "this"
          }
        ],
        "item": {
          "items": [
            "spyglass"
          ]
        }
      }
    }
  }
}
