{
  "display": {
    "icon": {
      "item": "minecraft:cocoa_beans"
    },
    "title": "Coocoo for Cocoa Beans",
    "description": "Plant some cocoa beans",
    "announce_to_chat": false
  },
  "parent": "bentobox:exploration/jungle_tree",
  "criteria": {
    "cocoa_beans": {
      "trigger": "minecraft:placed_block",
      "conditions": {
        "location": [
          {
            "condition": "minecraft:location_check",
            "predicate": {
              "block": {
                "blocks": [
                  "minecraft:cocoa"
                ]
              }
            }
          }
        ]
      }
    }
  }
}
