{
  "parent": "bentobox:exploration/mountain",
  "display": {
    "icon": {
      "item": "water_bucket"
    },
    "title": {
      "translate": "advancements.adventure.fall_from_world_height.title"
    },
    "description": {
      "translate": "advancements.adventure.fall_from_world_height.description"
    },
    "announce_to_chat": false
  },
  "criteria": {
    "fall_from_world_height": {
      "trigger": "fall_from_height",
      "conditions": {
        "player": [
          {
            "condition": "entity_properties",
            "predicate": {
              "location": {
                "position": {
                  "y": {
                    "max": -59
                  }
                }
              }
            },
            "entity": "this"
          }
        ],
        "start_position": {
          "position": {
            "y": {
              "min": 319
            }
          }
        },
        "distance": {
          "y": {
            "min": 379
          }
        }
      }
    }
  }
}
