{
  "parent": "bentobox:exploration/goat_ram",
  "display": {
    "icon": {
      "item": "oak_boat"
    },
    "title": {
      "translate": "advancements.husbandry.ride_a_boat_with_a_goat.title"
    },
    "description": "Get in a boat and float with a goat",
    "announce_to_chat": false
  },
  "criteria": {
    "ride_a_boat_with_a_goat": {
      "trigger": "started_riding",
      "conditions": {
        "player": [
          {
            "condition": "entity_properties",
            "predicate": {
              "vehicle": {
                "type": "boat",
                "passenger": {
                  "type": "goat"
                }
              }
            },
            "entity": "this"
          }
        ]
      }
    }
  }
}
