{
  "display": {
    "icon": {
      "item": "minecraft:lily_pad"
    },
    "title": "Swampy Path",
    "description": "Replant a lily pad",
    "announce_to_chat": false
  },
  "parent": "bentobox:exploration/swamp_find",
  "criteria": {
    "lily_pad": {
      "trigger": "minecraft:placed_block",
      "conditions": {
        "location": [
          {
            "condition": "minecraft:location_check",
            "predicate": {
              "block": {
                "blocks": [
                  "minecraft:lily_pad"
                ]
              }
            }
          }
        ]
      }
    }
  }
}
