{
  "display": {
    "icon": {
      "item": "filled_map"
    },
    "title": "Charting the Territory",
    "description": "Open a map",
    "announce_to_chat": false
  },
  "parent": "bentobox:exploration/root",
  "criteria": {
    "map": {
      "trigger": "inventory_changed",
      "conditions": {
        "items": [
          {
            "items": [
              "filled_map"
            ]
          }
        ],
        "player": {
          "player": {
            "stats": [
              {
                "type": "used",
                "stat": "map",
                "value": {
                  "min": 1
                }
              }
            ]
          }
        }
      }
    }
  }
}
