{
  "display": {
    "icon": {
      "item": "totem_of_undying"
    },
    "title": {
      "translate": "advancements.adventure.totem_of_undying.title"
    },
    "description": "Use a totem of undying to cheat death",
    "frame": "goal",
    "announce_to_chat": false
  },
  "parent": "bentobox:exploration/vex",
  "criteria": {
    "used_totem": {
      "trigger": "used_totem",
      "conditions": {
        "item": {
          "items": [
            "totem_of_undying"
          ]
        }
      }
    }
  }
}
