{
  "display": {
    "icon": {
      "item": "powder_snow_bucket"
    },
    "title": "Snowier Snow",
    "description": "Freeze in powder snow",
    "announce_to_chat": false
  },
  "parent": "bentobox:exploration/mountain",
  "criteria": {
    "freeze": {
      "trigger": "entity_hurt_player",
      "conditions": {
        "damage": {
          "type": {
            "tags": [
              {
                "expected": true,
                "id": "is_freezing"
              }
            ]
          }
        }
      }
    }
  }
}
