{
  "display": {
    "icon": {
      "item": "netherite_pickaxe"
    },
    "title": "The Highest Tier",
    "description": "Have full netherite tools and armor",
    "frame": "challenge"
  },
  "parent": "minecraft:nether/netherite_armor",
  "rewards": {
    "experience": 85
  },
  "criteria": {
    "helmet": {
      "trigger": "inventory_changed",
      "conditions": {
        "items": [
          {
            "items": [
              "netherite_helmet"
            ]
          }
        ]
      }
    },
    "chestplate": {
      "trigger": "inventory_changed",
      "conditions": {
        "items": [
          {
            "items": [
              "netherite_chestplate"
            ]
          }
        ]
      }
    },
    "leggings": {
      "trigger": "inventory_changed",
      "conditions": {
        "items": [
          {
            "items": [
              "netherite_leggings"
            ]
          }
        ]
      }
    },
    "boots": {
      "trigger": "inventory_changed",
      "conditions": {
        "items": [
          {
            "items": [
              "netherite_boots"
            ]
          }
        ]
      }
    },
    "sword": {
      "trigger": "inventory_changed",
      "conditions": {
        "items": [
          {
            "items": [
              "netherite_sword"
            ]
          }
        ]
      }
    },
    "shovel": {
      "trigger": "inventory_changed",
      "conditions": {
        "items": [
          {
            "items": [
              "netherite_shovel"
            ]
          }
        ]
      }
    },
    "pickaxe": {
      "trigger": "inventory_changed",
      "conditions": {
        "items": [
          {
            "items": [
              "netherite_pickaxe"
            ]
          }
        ]
      }
    },
    "axe": {
      "trigger": "inventory_changed",
      "conditions": {
        "items": [
          {
            "items": [
              "netherite_axe"
            ]
          }
        ]
      }
    },
    "hoe": {
      "trigger": "inventory_changed",
      "conditions": {
        "items": [
          {
            "items": [
              "netherite_hoe"
            ]
          }
        ]
      }
    }
  }
}
