{
  "display": {
    "icon": {
      "item": "minecraft:respawn_anchor"
    },
    "title": {
      "translate": "advancements.nether.charge_respawn_anchor.title"
    },
    "description": "Charge a respawn anchor to the maximum",
    "announce_to_chat": false
  },
  "parent": "minecraft:nether/obtain_crying_obsidian",
  "criteria": {
    "charge_respawn_anchor": {
      "trigger": "minecraft:item_used_on_block",
      "conditions": {
        "location": [
          {
            "condition": "minecraft:match_tool",
            "predicate": {
              "items": [
                "minecraft:glowstone"
              ]
            }
          },
          {
            "condition": "minecraft:location_check",
            "predicate": {
              "block": {
                "blocks": [
                  "minecraft:respawn_anchor"
                ],
                "state": {
                  "charges": "4"
                }
              }
            }
          }
        ]
      }
    }
  }
}
