{
  "parent": "minecraft:nether/crimson_forest",
  "display": {
    "icon": {
      "item": "gold_ingot"
    },
    "title": {
      "translate": "advancements.nether.distract_piglin.title"
    },
    "description": "Distract a piglin with a gold item",
    "announce_to_chat": false
  },
  "criteria": {
    "distract_piglin": {
      "trigger": "thrown_item_picked_up_by_entity",
      "conditions": {
        "player": [
          {
            "condition": "inverted",
            "term": {
              "condition": "entity_properties",
              "predicate": {
                "equipment": {
                  "head": {
                    "items": [
                      "golden_helmet"
                    ]
                  }
                }
              },
              "entity": "this"
            }
          },
          {
            "condition": "inverted",
            "term": {
              "condition": "entity_properties",
              "predicate": {
                "equipment": {
                  "chest": {
                    "items": [
                      "golden_chestplate"
                    ]
                  }
                }
              },
              "entity": "this"
            }
          },
          {
            "condition": "inverted",
            "term": {
              "condition": "entity_properties",
              "predicate": {
                "equipment": {
                  "legs": {
                    "items": [
                      "golden_leggings"
                    ]
                  }
                }
              },
              "entity": "this"
            }
          },
          {
            "condition": "inverted",
            "term": {
              "condition": "entity_properties",
              "predicate": {
                "equipment": {
                  "feet": {
                    "items": [
                      "golden_boots"
                    ]
                  }
                }
              },
              "entity": "this"
            }
          }
        ],
        "item": {
          "tag": "piglin_loved"
        },
        "entity": [
          {
            "condition": "entity_properties",
            "predicate": {
              "type": "piglin",
              "flags": {
                "is_baby": false
              }
            },
            "entity": "this"
          }
        ]
      }
    },
    "distract_piglin_directly": {
      "trigger": "player_interacted_with_entity",
      "conditions": {
        "player": [
          {
            "condition": "inverted",
            "term": {
              "condition": "entity_properties",
              "predicate": {
                "equipment": {
                  "head": {
                    "items": [
                      "golden_helmet"
                    ]
                  }
                }
              },
              "entity": "this"
            }
          },
          {
            "condition": "inverted",
            "term": {
              "condition": "entity_properties",
              "predicate": {
                "equipment": {
                  "chest": {
                    "items": [
                      "golden_chestplate"
                    ]
                  }
                }
              },
              "entity": "this"
            }
          },
          {
            "condition": "inverted",
            "term": {
              "condition": "entity_properties",
              "predicate": {
                "equipment": {
                  "legs": {
                    "items": [
                      "golden_leggings"
                    ]
                  }
                }
              },
              "entity": "this"
            }
          },
          {
            "condition": "inverted",
            "term": {
              "condition": "entity_properties",
              "predicate": {
                "equipment": {
                  "feet": {
                    "items": [
                      "golden_boots"
                    ]
                  }
                }
              },
              "entity": "this"
            }
          }
        ],
        "item": {
          "items": [
            "gold_ingot"
          ]
        },
        "entity": [
          {
            "condition": "entity_properties",
            "predicate": {
              "type": "piglin",
              "flags": {
                "is_baby": false
              }
            },
            "entity": "this"
          }
        ]
      }
    }
  },
  "requirements": [
    [
      "distract_piglin",
      "distract_piglin_directly"
    ]
  ]
}
