{
  "display": {
    "icon": {
      "item": "map"
    },
    "title": {
      "translate": "advancements.nether.fast_travel.title"
    },
    "description": {
      "translate": "advancements.nether.fast_travel.description"
    },
    "frame": "challenge"
  },
  "rewards": {
    "experience": 100
  },
  "parent": "minecraft:nether/ice",
  "criteria": {
    "7000": {
      "trigger": "nether_travel",
      "conditions": {
        "distance": {
          "horizontal": {
            "min": 7000
          }
        }
      }
    }
  }
}
