{
  "display": {
    "icon": {
      "item": "minecraft:packed_ice"
    },
    "title": "It's Frozen Over",
    "description": "Place ice in the Nether",
    "announce_to_chat": false
  },
  "parent": "minecraft:nether/ride_strider",
  "criteria": {
    "ice": {
      "trigger": "minecraft:placed_block",
      "conditions": {
        "location": [
          {
            "condition": "minecraft:location_check",
            "predicate": {
              "dimension": "minecraft:the_nether",
              "block": {
                "blocks": [
                  "minecraft:ice"
                ]
              }
            }
          }
        ]
      }
    }
  }
}
