{
  "display": {
    "icon": {
      "item": "fire_charge"
    },
    "title": {
      "translate": "advancements.nether.return_to_sender.title"
    },
    "description": "Destroy a ghast with a fireball",
    "frame": "challenge"
  },
  "rewards": {
    "experience": 50
  },
  "parent": "minecraft:nether/soul_sand_valley",
  "criteria": {
    "ghast": {
      "trigger": "player_killed_entity",
      "conditions": {
        "entity": {
          "type": "ghast"
        },
        "killing_blow": {
          "tags": [
            {
              "expected": true,
              "id": "minecraft:is_projectile"
            }
          ],
          "direct_entity": {
            "type": "fireball"
          }
        }
      }
    }
  }
}
