{
  "display": {
    "icon": {
      "item": "minecraft:lodestone"
    },
    "title": {
      "translate": "advancements.nether.use_lodestone.title"
    },
    "description": "Set your compass to focus on a lodestone",
    "announce_to_chat": false
  },
  "parent": "minecraft:nether/obtain_ancient_debris",
  "criteria": {
    "use_lodestone": {
      "trigger": "minecraft:item_used_on_block",
      "conditions": {
        "location": [
          {
            "condition": "minecraft:location_check",
            "predicate": {
              "block": {
                "blocks": [
                  "minecraft:lodestone"
                ]
              }
            }
          }
        ]
      }
    }
  }
}
